{
  "x": [0.01, 0.06, 0.11, 0.16, 0.21, 0.26, 0.31, 0.36, 0.41, 0.46],
  "y": [0.26183, 0.27644, 0.29122, 0.30617, 0.32130, 0.33660, 0.35207, 0.36773, 0.38357, 0.39959],
  "args": [0.156, 0.4527, 0.026, 0.4052, 0.1163, 0.3776]
}