{
  "x": [0.35, 0.41, 0.47, 0.51, 0.56, 0.64],
  "y": [2.73951, 2.30080, 1.96864, 1.78776, 1.59502, 1.34310],
  "arg": 0.436
}